<?xml version="1.0" encoding="UTF-8"?>
<!--

    BleachBit
    Copyright (C) 2008-2018 Andrew Ziem
    https://www.bleachbit.org

    This program is free software: you can redistribute it and/or modify
    it under the terms of the GNU General Public License as published by
    the Free Software Foundation, either version 3 of the License, or
    (at your option) any later version.

    This program is distributed in the hope that it will be useful,
    but WITHOUT ANY WARRANTY; without even the implied warranty of
    MERCHANTABILITY or FITNESS FOR A PARTICULAR PURPOSE.  See the
    GNU General Public License for more details.

    You should have received a copy of the GNU General Public License
    along with this program.  If not, see <http://www.gnu.org/licenses/>.

-->
<cleaner id="internet_explorer" os="windows">
  <label>Internet Explorer</label>
  <description>Web browser</description>
  <option id="cookies">
    <label>Cookies</label>
    <description>Delete cookies, which contain information such as web site preferences, authentication, and tracking identification</description>
    <action command="delete" search="walk.files" path="%USERPROFILE%\Cookies\"/>
    <action command="delete" search="walk.files" path="%APPDATA%\Microsoft\Windows\Cookies\"/>
    <action command="delete" search="walk.files" path="%LOCALAPPDATA%\Microsoft\Internet Explorer\DOMStore\"/>
    <action command="delete" search="walk.files" path="%USERPROFILE%\AppData\LocalLow\Microsoft\Internet Explorer\DOMStore\"/>
  </option>
  <option id="forms">
    <label>Form history</label>
    <!-- Internet Explorer 7 and 8 -->
    <description>A history of forms entered in web sites and in the Search bar</description>
    <action command="winreg" path="HKCU\Software\Microsoft\Internet Explorer\IntelliForms\Storage1"/>
    <action command="winreg" path="HKCU\Software\Microsoft\Internet Explorer\IntelliForms\Storage2"/>
  </option>
  <option id="history">
    <label>History</label>
    <description>List of visited web pages</description>
    <action command="delete" search="walk.files" path="%USERPROFILE%\AppData\Local\Microsoft\Windows\History\"/>
    <action command="delete" search="walk.files" path="%USERPROFILE%\Local Settings\History\"/>
    <action command="delete" search="walk.files" path="%LOCALAPPDATA%\Microsoft\Internet Explorer\Recovery\Active\"/>
    <action command="delete" search="walk.files" path="%LOCALAPPDATA%\Microsoft\Internet Explorer\Recovery\Immersive\Active\"/>
    <action command="delete" search="walk.files" path="%LOCALAPPDATA%\Microsoft\Internet Explorer\Recovery\Last Active\"/>
    <!-- "How to clear the History entries in Internet Explorer", http://support.microsoft.com/kb/157729 -->
    <action command="winreg" path="HKCU\Software\Microsoft\Internet Explorer\TypedURLs"/>
  </option>
  <option id="temporary_files">
    <label>Temporary files</label>
    <description>Delete the temporary files</description>
    <action command="delete" search="walk.files" path="%APPDATA%\Microsoft\Windows\IETldCache\"/>
    <action command="delete" search="walk.files" path="%USERPROFILE%\AppData\Local\Microsoft\Windows\Temporary Internet Files\"/>
    <action command="delete" search="walk.files" path="%USERPROFILE%\Local Settings\Temporary Internet Files\"/>
    <action command="delete" search="walk.files" path="%LOCALAPPDATA%\Microsoft\Feeds Cache\"/>
  </option>
</cleaner>
