<?xml version="1.0" encoding="UTF-8"?>
<!--

    BleachBit
    Copyright (C) 2008-2018 Andrew Ziem
    https://www.bleachbit.org

    This program is free software: you can redistribute it and/or modify
    it under the terms of the GNU General Public License as published by
    the Free Software Foundation, either version 3 of the License, or
    (at your option) any later version.

    This program is distributed in the hope that it will be useful,
    but WITHOUT ANY WARRANTY; without even the implied warranty of
    MERCHANTABILITY or FITNESS FOR A PARTICULAR PURPOSE.  See the
    GNU General Public License for more details.

    You should have received a copy of the GNU General Public License
    along with this program.  If not, see <http://www.gnu.org/licenses/>.

-->
<cleaner id="miro">
  <label>Miro</label>
  <description>Multimedia viewer</description>
  <option id="cache">
    <label>Cache</label>
    <description>Delete the cache</description>
    <action command="delete" search="walk.files" path="~/.miro/icon-cache/"/>
    <action command="delete" search="walk.files" path="~/.miro/mozilla/Cache/"/>
    <action command="delete" search="walk.files" path="$APPDATA\Participatory Culture Foundation\Miro\Support\icon-cache\"/>
  </option>
  <option id="logs">
    <label>Logs</label>
    <description>Delete the logs</description>
    <action command="delete" search="file" path="~/.miro/miro-downloader-log"/>
    <action command="delete" search="file" path="~/.miro/miro-log"/>
    <action command="delete" search="file" path="~/.miro/miro-log.1"/>
    <action command="delete" search="file" path="$USERPROFILE\Local Settings\Temp\Miro-downloader.log"/>
    <action command="delete" search="file" path="$USERPROFILE\Local Settings\Temp\Miro.log"/>
    <action command="delete" search="file" path="$USERPROFILE\Local Settings\Temp\Miro.log.1"/>
    <action command="delete" search="file" path="$USERPROFILE\Local Settings\Temp\Miro_Download_Daemon_a.txt"/>
  </option>
</cleaner>
