<?xml version="1.0" encoding="UTF-8"?>
<!--

    BleachBit
    Copyright (C) 2008-2018 Andrew Ziem
    https://www.bleachbit.org

    This program is free software: you can redistribute it and/or modify
    it under the terms of the GNU General Public License as published by
    the Free Software Foundation, either version 3 of the License, or
    (at your option) any later version.

    This program is distributed in the hope that it will be useful,
    but WITHOUT ANY WARRANTY; without even the implied warranty of
    MERCHANTABILITY or FITNESS FOR A PARTICULAR PURPOSE.  See the
    GNU General Public License for more details.

    You should have received a copy of the GNU General Public License
    along with this program.  If not, see <http://www.gnu.org/licenses/>.

-->
<cleaner id="secondlife_viewer">
  <label>Second Life Viewer</label>
  <description>Game</description>
  <option id="Cache">
    <label>Cache</label>
    <description>Delete the cache</description>
    <action command="delete" search="walk.files" path="~/.secondlife/cache/"/>
    <action command="delete" search="walk.files" path="$USERPROFILE\Application Data\SecondLife\cache\"/>
  </option>
  <option id="Logs">
    <label>Debug logs</label>
    <description>Delete the debug logs</description>
    <action command="delete" search="walk.files" path="~/.secondlife/logs/"/>
    <action command="delete" search="walk.files" path="$USERPROFILE\Application Data\SecondLife\logs\"/>
  </option>
</cleaner>
