<?xml version="1.0" encoding="UTF-8"?>
<!--

    BleachBit
    Copyright (C) 2008-2018 Andrew Ziem
    https://www.bleachbit.org

    This program is free software: you can redistribute it and/or modify
    it under the terms of the GNU General Public License as published by
    the Free Software Foundation, either version 3 of the License, or
    (at your option) any later version.

    This program is distributed in the hope that it will be useful,
    but WITHOUT ANY WARRANTY; without even the implied warranty of
    MERCHANTABILITY or FITNESS FOR A PARTICULAR PURPOSE.  See the
    GNU General Public License for more details.

    You should have received a copy of the GNU General Public License
    along with this program.  If not, see <http://www.gnu.org/licenses/>.

-->
<cleaner id="teamviewer" os="windows">
  <label>TeamViewer</label>
  <option id="logs">
    <label>Logs</label>
    <description>Delete the logs</description>
    <action command="delete" search="file" path="$APPDATA\TeamViewer\TeamViewer4_Logfile.log"/>
  </option>
  <option id="mru">
    <label>Most recently used</label>
    <description>Delete the most recently used list</description>
    <action command="delete" search="file" path="$APPDATA\TeamViewer\Connections.txt"/>
    <action command="winreg" path="HKCU\Software\TeamViewer\Version4" name="Last_Machine_Connections"/>
  </option>
</cleaner>
