<?xml version="1.0" encoding="UTF-8"?>
<!--

    BleachBit
    Copyright (C) 2008-2018 Andrew Ziem
    https://www.bleachbit.org

    Contributor :  Vincent DUVERNET - Nolmë Informatique

    This program is free software: you can redistribute it and/or modify
    it under the terms of the GNU General Public License as published by
    the Free Software Foundation, either version 3 of the License, or
    (at your option) any later version.

    This program is distributed in the hope that it will be useful,
    but WITHOUT ANY WARRANTY; without even the implied warranty of
    MERCHANTABILITY or FITNESS FOR A PARTICULAR PURPOSE.  See the
    GNU General Public License for more details.

    You should have received a copy of the GNU General Public License
    along with this program.  If not, see <http://www.gnu.org/licenses/>.
-->
<cleaner id="vlc">
  <label>VLC media player</label>
  <description>Media player</description>
  <running type="exe">vlc.exe</running>
  <running type="exe">vlc</running>
  <option id="mru">
    <label>Most recently used</label>
    <description>Delete the most recently used list</description>
    <action search="file" path="$APPDATA\vlc\vlc-qt-interface.ini" command="ini" section="General" parameter="filedialog-path"/>
    <action search="file" path="$APPDATA\vlc\vlc-qt-interface.ini" command="ini" section="RecentsMRL"/>
    <action search="file" path="$XDG_CONFIG_HOME/vlc/vlc-qt-interface.conf" command="ini" section="General" parameter="filedialog-path"/>
    <action search="file" path="$XDG_CONFIG_HOME/vlc/vlc-qt-interface.conf" command="ini" section="RecentsMRL"/>
    <action search="file" path="$XDG_CONFIG_HOME/vlc/vlc-qt-interface.conf" command="ini" section="OpenDialog" parameter="netMRL"/>
    <action command="delete" search="walk.files" path="$APPDATA\vlc\art\artistalbum\*"/>
  </option>
</cleaner>
