<?xml version="1.0" encoding="UTF-8"?>
<!--

    BleachBit
    Copyright (C) 2008-2018 Andrew Ziem
    https://www.bleachbit.org

    This program is free software: you can redistribute it and/or modify
    it under the terms of the GNU General Public License as published by
    the Free Software Foundation, either version 3 of the License, or
    (at your option) any later version.

    This program is distributed in the hope that it will be useful,
    but WITHOUT ANY WARRANTY; without even the implied warranty of
    MERCHANTABILITY or FITNESS FOR A PARTICULAR PURPOSE.  See the
    GNU General Public License for more details.

    You should have received a copy of the GNU General Public License
    along with this program.  If not, see <http://www.gnu.org/licenses/>.

-->
<cleaner id="vuze">
  <label>Vuze / Azureus</label>
  <description>File transfer client</description>
  <option id="backup_files">
    <label>Backup files</label>
    <description>Delete the backup files</description>
    <action command="delete" search="glob" path="~/.azureus/active/*.bak"/>
    <action command="delete" search="glob" path="$APPDATA\Azureus\active\*.bak"/>
  </option>
  <option id="cache">
    <label>Cache</label>
    <description>Delete the cache</description>
    <action command="delete" search="file" path="~/.azureus/ipfilter.cache"/>
    <action command="delete" search="file" path="$APPDATA\Azureus\ipfilter.cache"/>
  </option>
  <option id="logs">
    <label>Logs</label>
    <description>Delete the logs</description>
    <action command="delete" search="walk.all" path="~/.azureus/logs/"/>
    <action command="delete" search="file" path="~/.azureus/update.log"/>
    <action command="delete" search="file" path="~/.azureus/tracker.log"/>
    <action command="delete" search="walk.all" path="$APPDATA\Azureus\logs\"/>
  </option>
  <option id="tmp">
    <label>Temporary files</label>
    <description>Delete the temporary files</description>
    <action command="delete" search="walk.files" path="~/.azureus/tmp/"/>
    <action command="delete" search="walk.files" path="$APPDATA\Azureus\tmp\"/>
  </option>
</cleaner>
